rfc,razon_social,calle,estado,municipio,numero,codigo_postal
FUX9208696E4,Brainlounge,Cordelia,Mabay,Judy,+63 830 159 2487,31770
YVL6838379V4,Vitz,International,Daixi,Moose,+86 813 736 3186,59273
EBQ1802015W1,Brainbox,Melby,Puerto de Nutrias,Rusk,+58 993 974 5163,10163
MWU0359284P1,Meetz,Gateway,Puerto San José,Birchwood,+502 468 683 0973,90165
MFC3732655J6,Janyx,Old Shore,Huayllabamba,Ramsey,+51 912 294 7202,58844
GJP1828286O6,Divanoodle,Lunder,Chenxikou,Scott,+86 740 790 9462,66409
BAX2265521H9,Kwilith,Dorton,Balagon,Homewood,+63 308 740 9087,94533
QVY1383839L4,Demizz,7th,Kloulklubed,Susan,+680 288 601 0998,33583
VTR1231299B7,Vitz,Delladonna,Nashville,West,+1 615 564 8428,60836
ESY7813043D1,Tagfeed,Oxford,Lyon,Columbus,+33 768 899 1254,62616
ARD6570017Z2,Camido,Russell,Vyazniki,Susan,+7 192 257 0373,18175
VZS9154210O6,Jabbersphere,Gulseth,Sumberwaru,Clarendon,+62 697 284 7065,76380
ZIR7857848S2,Photojam,Pearson,Zhangjiaji,Farmco,+86 636 628 1638,02685
NWM7043378W7,Divape,Summer Ridge,Shaogongzhuang,Reindahl,+86 617 926 3298,77479
VHF4469312W8,Mybuzz,Steensland,Obando,Golf,+57 402 679 6828,89481
QAK1470371B1,Babbleblab,Summer Ridge,Futang,Lerdahl,+86 472 995 3724,50965
XVN7961521O2,Snaptags,Nobel,Esperanza,Monica,+63 906 438 3810,06664
AFU8157150U2,Livepath,Tennessee,Qijiawan,Pennsylvania,+86 536 909 9079,19738
WFT4355283K2,Janyx,Northview,Jiaoshi,Farwell,+86 122 569 4915,75588
MHU2422099A5,Skyndu,Meadow Vale,Zaraza,Westerfield,+58 889 357 5552,27624
XRI5068062M2,Wikibox,Sherman,Chornukhyne,Bobwhite,+380 541 366 4874,64869
GJS6930592L6,Muxo,Rusk,Valencia,Charing Cross,+63 229 800 5460,04032
NYD9834038C9,Jabbertype,Grim,Garwolin,Tennyson,+48 947 739 6209,78494
GRH4220527S0,Jetwire,Shasta,Taokeng,Shelley,+86 865 327 7609,37191
TLZ1633217C2,Zoomlounge,Toban,Cúcuta,Kedzie,+57 115 859 8873,78839
GPV9625363I3,Quatz,Carberry,Bagangan,Namekagon,+62 721 685 7895,62082
ERA0843476Z1,Gigaclub,Spaight,Megion,Nelson,+7 804 245 5952,67652
APF7360904U7,Voomm,Linden,Phra Pradaeng,Northwestern,+66 901 657 2021,81394
PQW5770505B3,Yodoo,Duke,Ikaalinen,Tony,+358 545 146 4710,70416
PSY0448243N1,Twiyo,Gale,Changleng,Jackson,+86 168 381 2772,86340
JOU3289230V5,Kanoodle,Dennis,Perdões,Artisan,+55 797 151 7871,73762
YSU9460957N2,Innojam,Monica,Vogar,Nelson,+354 531 595 8374,63320
KRQ4231425I4,Flashdog,Fordem,Tecpán Guatemala,Prairieview,+502 319 130 0572,00394
ARX7793936N4,Jetwire,Steensland,Miaofengshan,Meadow Ridge,+86 554 809 3054,87153
XTN8437327F9,Chatterpoint,Toban,Novopavlovsk,Commercial,+7 325 133 9210,40747
SEZ8581627H3,Trunyx,Oak,Vavozh,Butterfield,+7 394 139 1273,10352
GQU2974271O6,Skiptube,Sauthoff,Boissy-Saint-Léger,Forest,+33 915 491 4297,59895
AOL0029793I0,Zooxo,Gale,Loangmaka,Talmadge,+62 773 876 8907,97302
SON3505576V8,Brainsphere,Morning,Yashiro,Merchant,+81 165 971 7235,55342
DGS2734704H3,Omba,American,Hostomice,Evergreen,+420 495 647 5511,01645
UBC8404202N0,Edgepulse,Crownhardt,Zvenyhorodka,Westend,+380 914 242 7858,52131
PMZ4523957J8,Riffpath,Maywood,Bayanhongor,Grasskamp,+976 618 528 8055,24296
CBX9882854O4,Yakitri,Rowland,Navashino,Red Cloud,+7 597 524 2411,14090
LST7353853Y8,Linklinks,Raven,Causwagan,Ridge Oak,+63 317 120 4758,30701
FTL8401620E6,Twitterworks,Cherokee,Chaman,Miller,+92 271 530 7097,11221
YQR2912354H7,Eazzy,Mandrake,Lancar,Scott,+62 944 301 5796,58342
JIF4778370F6,Feednation,Elgar,Karítsa,Blackbird,+30 220 889 2781,58011
IWA8534429Z3,Mymm,Forest,Venilale,Union,+670 820 994 6502,33304
KRY6311889H6,Photolist,Mendota,Kombolcha,Sommers,+251 910 339 7121,51230
WQJ4925580U9,Tagchat,Bartillon,Xin’an,Hauk,+86 608 486 9311,94982
VEM3143653I4,Meedoo,Sugar,Santa Catalina,Reinke,+63 264 538 3183,89824
WQL8255002N5,Ozu,Graceland,Glatik,Springs,+62 439 378 8155,47968
LHG2187668U2,Jabbersphere,Stoughton,Mariel,Toban,+53 965 872 5658,01959
JBU2902373U5,Gabtune,Milwaukee,Nandasmo,Logan,+505 893 171 4922,40836
WCM8387908I4,Plambee,Lakewood,Shanlian,Boyd,+86 570 684 7629,72755
CMB7751530I7,Roodel,Lakewood,Mariposa,Buell,+51 873 680 5685,31679
ZFC2104935A5,Vinder,Cambridge,Hinapalanan,Larry,+63 236 975 5457,01904
XCL2399429X3,Feednation,Parkside,Kolyshley,Main,+7 844 104 2421,42584
MID8441823C9,Browsetype,Village,Seget,Westerfield,+62 754 911 5175,03103
LQG6978588H4,Quire,Blaine,Muranovo,Miller,+7 924 590 4969,20031
KAD6085355R3,Lazzy,Express,Cortinhas,Oneill,+351 899 129 2133,01426
NHZ2980431N1,Edgetag,Hauk,Belogorskīy,Armistice,+7 607 951 2591,58801
OKG0868834J4,Shuffletag,Veith,Catolé do Rocha,Parkside,+55 222 741 7881,75317
CFU8996428D2,Wordify,Continental,Tanjungsari Barat,Rockefeller,+62 312 503 8982,56040
JLX6790211M5,Mita,Hollow Ridge,Carmen de Viboral,Union,+57 650 490 6317,25378
LRC9071138L4,Midel,Miller,Veltruby,Hanson,+420 605 392 8932,33395
AHI4800399G2,Kare,Tennessee,Tagnanan,Rockefeller,+63 214 780 2740,52348
BZE6055622G4,Nlounge,Colorado,Pasatan,Coolidge,+62 518 901 3977,56652
RUS0666513C3,Devshare,Crescent Oaks,Nagcarlan,Sheridan,+63 246 214 3414,69002
NZK6863279T4,Pixoboo,Almo,Sufang,Harper,+86 368 458 9393,52748
STN5257401F7,Ainyx,Sunfield,Tembongraja,Corscot,+62 677 397 8086,63837
XKB3715752V1,Topicblab,Bayside,Sollefteå,Sunbrook,+46 384 210 9751,49002
UFS8927463S1,Topdrive,Vahlen,Monte Santo de Minas,Lake View,+55 156 661 0236,72475
VHN9709617O2,Meedoo,Claremont,Yanwukou,Logan,+86 473 677 7473,91658
CGQ9212689B4,Shuffledrive,Farwell,Wisła,High Crossing,+48 621 328 6276,80443
REB0944002Y0,Mynte,Shelley,Shatian,Pierstorff,+86 667 853 9422,28483
FHQ3620953U4,Agivu,Clyde Gallagher,Itapipoca,Ohio,+55 234 706 9431,66836
HNW6639012X2,Mynte,Red Cloud,Campo Largo,Derek,+55 181 689 7174,06417
ERX4627986V1,Centizu,Oakridge,Ibara,Nelson,+81 155 781 1197,24803
QKE9621653U9,Topicshots,Fisk,Burgos,Lakewood Gardens,+63 303 576 0135,30341
GZY7553784U3,Mita,Rieder,Weitang,Green,+86 434 437 3412,42012
BMR2041992V3,Thoughtmix,Muir,Borovoy,Starling,+7 129 907 3849,05280
ZWO6077314O0,Gabcube,Lakewood Gardens,Bolondrón,Spohn,+53 441 896 2812,77300
IRQ6002374B4,Youbridge,Veith,Kawaguchi,Harbort,+81 995 810 5859,71007
MWP5979298R8,Fatz,American Ash,Selenicë,Sunnyside,+355 775 742 2728,71909
IVB5504507M2,Demizz,Shelley,Guarumal,Pierstorff,+507 440 829 9776,88819
ALZ7388404U0,Voomm,Express,Bambakashat,Glacier Hill,+374 732 696 2826,92697
GBP2255776Z6,Eazzy,Carpenter,Dahe,Nelson,+86 173 858 6507,73884
EPO8096754X8,Einti,Corscot,Monteiro,Eastlawn,+55 178 679 5778,82016
BXH0482777Y0,Thoughtstorm,Hazelcrest,Chat Trakan,Eliot,+66 413 836 7814,32379
WRO5005698A1,Trunyx,Muir,Gaocang,New Castle,+86 232 786 7888,28316
YLO0018575H0,Fiveclub,Del Sol,Hamburg Sankt Pauli,Moose,+49 200 726 9575,79101
WFN7576552I5,Mudo,Reindahl,Zhendong,Vidon,+86 891 884 2672,06078
GAO0214538I7,Riffpedia,Ilene,Aranyaprathet,Golf,+66 847 418 5013,80994
YPX5768278E2,Livepath,Nelson,Póvoa,Vahlen,+351 147 630 9703,14340
NSI8863789J0,Browseblab,Coolidge,Malichang,Meadow Valley,+86 592 394 4904,66493
RVO1574724Y9,Topicware,Memorial,Krian,Fisk,+62 823 495 4101,09668
DOM2664988P7,Zoozzy,Russell,Sankt Andrä-Höch,Glendale,+43 652 917 6486,75146
AMJ1302205K8,Eare,Lake View,Lingcheng,Hoard,+86 654 682 3434,91953
HWF8680539Q0,Blogpad,Magdeline,Mawang,Glendale,+86 443 565 3778,26159
